{"cameraMode":{"drawMode":0,"name":"Shaded","section":"Shading Mode"},"sceneLighting":true,"audioPlay":false,"sceneViewState":{"showFog":true,"showMaterialUpdate":false,"showSkybox":true,"showFlares":true,"showImageEffects":true,"showParticleSystems":true},"in2DMode":false,"pivot":{"x":-7.8733296394348148,"y":-3.4680967330932619,"z":23.949222564697267},"rotation":{"x":-0.44722074270248415,"y":-0.022269856184720994,"z":0.01113966479897499,"w":-0.8940796256065369},"size":103.84889221191406,"orthographic":false}