{"cameraMode":{"drawMode":0,"name":"Shaded","section":"Shading Mode"},"sceneLighting":false,"audioPlay":false,"sceneViewState":{"showFog":true,"showMaterialUpdate":false,"showSkybox":false,"showFlares":true,"showImageEffects":true,"showParticleSystems":true},"in2DMode":false,"pivot":{"x":-2.3354711532592775,"y":2.7386226654052736,"z":6.0678582191467289},"rotation":{"x":-0.12004302442073822,"y":0.7773860692977905,"z":-0.1562163084745407,"w":-0.5973750948905945},"size":3.898531198501587,"orthographic":false}